Domain name,Domain type,Agency,Organization name,City,State,Security contact email
scinet.gov,Federal - Judicial,The Supreme Court,Supreme Court of the United States,Washington,DC,(blank)
scinet-test.gov,Federal - Judicial,The Supreme Court,Supreme Court of the United States,Washington,DC,(blank)
sc-us.gov,Federal - Judicial,The Supreme Court,Supreme Court of the United States,Washington,DC,(blank)
scus.gov,Federal - Judicial,The Supreme Court,Supreme Court of the United States,Washington,DC,(blank)
scuspd.gov,Federal - Judicial,The Supreme Court,Supreme Court of the United States,Washington,DC,(blank)
supreme-court.gov,Federal - Judicial,The Supreme Court,Supreme Court of the United States,Washington,DC,(blank)
supremecourt.gov,Federal - Judicial,The Supreme Court,Supreme Court of the United States,Washington,DC,(blank)
supremecourtus.gov,Federal - Judicial,The Supreme Court,Supreme Court of the United States,Washington,DC,(blank)
bankruptcy.gov,Federal - Judicial,U.S. Courts,Administrative Office U.S. Courts,Washington,DC,(blank)
cavc.gov,Federal - Judicial,U.S. Courts,US Court of Appeals for Veterans Claims,Washington,DC,helpdesk@uscourts.cavc.gov
fd.gov,Federal - Judicial,U.S. Courts,Defender Services Office,San Antonio,TX,Pedro_Carrasquillo-Roman@fd.org
federalcourts.gov,Federal - Judicial,U.S. Courts,Administrative Office U.S. Courts,Washington,DC,(blank)
federalprobation.gov,Federal - Judicial,U.S. Courts,Administrative Office U.S. Courts,Washington,DC,(blank)
federalrules.gov,Federal - Judicial,U.S. Courts,Administrative Office U.S. Courts,Washington,DC,(blank)
fjc.gov,Federal - Judicial,U.S. Courts,Federal Judicial Center,Washington,DC,(blank)
judicialconference.gov,Federal - Judicial,U.S. Courts,Administrative Office U.S. Courts,Washington,DC,(blank)
pacer.gov,Federal - Judicial,U.S. Courts,Administrative Office U.S. Courts,Washington,DC,(blank)
usbankruptcy.gov,Federal - Judicial,U.S. Courts,Administrative Office U.S. Courts,Washington,DC,(blank)
uscavc.gov,Federal - Judicial,U.S. Courts,US Court of Appeals for Veterans Claims,Washington,DC,helpdesk@uscourts.cavc.gov
usc.gov,Federal - Judicial,U.S. Courts,U.S. Courts,Washington,DC,(blank)
uscourts.gov,Federal - Judicial,U.S. Courts,U.S. Courts,Washington,DC,security@uscourts.gov
usprobation.gov,Federal - Judicial,U.S. Courts,Administrative Office U.S. Courts,Washington,DC,(blank)
ussc.gov,Federal - Judicial,U.S. Courts,United States Sentencing Commission,"Washington, D",DC,(blank)
ustaxcourt.gov,Federal - Judicial,U.S. Courts,United States Tax Court,Washington,DC,Domain.Security@ustaxcourt.gov
